,sym_1,sym_2,p_value,t_value,c_value,hedge_ratio,zero_crossings
159,SUSHIUSDT,WAVESUSDT,0.02,-3.68,-3.37,0.24,47
120,UNIUSDT,TLMUSDT,0.01,-3.95,-3.37,267.27,46
39,LINKUSDT,THETAUSDT,0.0,-4.18,-3.37,5.79,43
287,HBARUSDT,ARUSDT,0.01,-4.06,-3.37,0.01,43
28,LTCUSDT,FTTUSDT,0.04,-3.44,-3.37,2.01,42
67,LINKUSDT,HOTUSDT,0.0,-4.63,-3.37,3202.17,41
149,SUSHIUSDT,ICPUSDT,0.04,-3.4,-3.37,0.19,40
522,KDAUSDT,MINAUSDT,0.0,-5.12,-3.37,2.3,40
643,LUNA2USDT,ENSUSDT,0.01,-3.79,-3.37,0.13,40
181,MATICUSDT,SFPUSDT,0.03,-3.56,-3.37,2.25,39
108,UNIUSDT,VETUSDT,0.0,-4.19,-3.37,270.44,39
147,SUSHIUSDT,COMPUSDT,0.02,-3.72,-3.37,0.02,38
644,LUNA2USDT,LPTUSDT,0.01,-3.97,-3.37,0.16,38
485,HNTUSDT,SOLUSDT,0.01,-3.83,-3.37,0.19,37
385,IMXUSDT,VETUSDT,0.02,-3.66,-3.37,33.11,37
9,BTCUSDT,1000BTTUSDT,0.02,-3.61,-3.37,24180849.68,37
76,LINKUSDT,AKROUSDT,0.04,-3.39,-3.37,1719.75,36
241,CRVUSDT,OPUSDT,0.01,-4.08,-3.37,0.89,36
292,HBARUSDT,GLMRUSDT,0.0,-4.91,-3.37,0.11,35
50,LINKUSDT,AUDIOUSDT,0.0,-5.06,-3.37,23.08,35
93,DOTUSDT,JSTUSDT,0.04,-3.42,-3.37,255.22,35
648,LUNA2USDT,KLAYUSDT,0.01,-3.91,-3.37,6.77,35
41,LINKUSDT,SANDUSDT,0.04,-3.43,-3.37,6.64,35
314,C98USDT,BOBAUSDT,0.04,-3.44,-3.37,1.06,34
47,LINKUSDT,SLPUSDT,0.02,-3.66,-3.37,1666.37,34
239,AVAXUSDT,BELUSDT,0.04,-3.44,-3.37,31.78,34
71,LINKUSDT,LINAUSDT,0.0,-4.63,-3.37,838.71,33
122,UNIUSDT,BATUSDT,0.0,-4.15,-3.37,19.41,33
183,MATICUSDT,1INCHUSDT,0.02,-3.62,-3.37,1.16,33
654,LUNA2USDT,DODOUSDT,0.01,-4.02,-3.37,12.07,33
201,BNBUSDT,CREAMUSDT,0.0,-5.18,-3.37,16.01,32
517,KDAUSDT,AGLDUSDT,0.04,-3.46,-3.37,4.35,32
264,NEARUSDT,CVCUSDT,0.0,-4.36,-3.37,28.35,31
200,BNBUSDT,RNDRUSDT,0.0,-5.7,-3.37,475.71,31
451,KAVAUSDT,GALUSDT,0.04,-3.43,-3.37,0.67,31
567,ZRXUSDT,DGBUSDT,0.02,-3.64,-3.37,28.66,31
319,AGLDUSDT,MATICUSDT,0.04,-3.43,-3.37,0.47,31
49,LINKUSDT,SXPUSDT,0.01,-3.79,-3.37,17.71,31
738,TRBUSDT,KNCUSDT,0.0,-4.35,-3.37,23.62,31
549,ZRXUSDT,BATUSDT,0.04,-3.4,-3.37,0.84,31
552,ZRXUSDT,LPTUSDT,0.01,-3.86,-3.37,0.03,31
216,AVAXUSDT,CHRUSDT,0.0,-4.2,-3.37,131.81,31
645,LUNA2USDT,CROUSDT,0.05,-3.37,-3.37,13.17,30
615,GALUSDT,UNIUSDT,0.02,-3.64,-3.37,0.39,30
390,SCUSDT,ILVUSDT,0.02,-3.66,-3.37,0.0,30
194,MATICUSDT,DGBUSDT,0.02,-3.61,-3.37,74.61,30
134,UNIUSDT,BICOUSDT,0.01,-3.86,-3.37,14.01,29
184,MATICUSDT,KLAYUSDT,0.02,-3.6,-3.37,3.23,29
431,REEFUSDT,AGLDUSDT,0.01,-4.02,-3.37,0.01,29
238,AVAXUSDT,AKROUSDT,0.01,-3.78,-3.37,5528.51,29
87,DOTUSDT,AUDIOUSDT,0.04,-3.43,-3.37,24.11,29
221,AVAXUSDT,RSRUSDT,0.02,-3.76,-3.37,3754.46,29
437,KAVAUSDT,SOLUSDT,0.01,-3.86,-3.37,0.05,29
233,AVAXUSDT,DGBUSDT,0.02,-3.63,-3.37,2135.9,29
81,DOTUSDT,OMGUSDT,0.02,-3.64,-3.37,3.84,29
172,AAVEUSDT,BANDUSDT,0.0,-4.29,-3.37,63.92,29
70,LINKUSDT,BAKEUSDT,0.02,-3.61,-3.37,26.16,29
302,C98USDT,CHRUSDT,0.04,-3.41,-3.37,2.41,29
624,CTCUSDT,XLMUSDT,0.02,-3.72,-3.37,3.46,29
321,AGLDUSDT,KSMUSDT,0.04,-3.45,-3.37,0.01,29
256,DYDXUSDT,OPUSDT,0.04,-3.47,-3.37,1.41,28
232,AVAXUSDT,CTSIUSDT,0.0,-4.99,-3.37,150.72,28
114,UNIUSDT,ICPUSDT,0.0,-4.15,-3.37,1.09,28
225,AVAXUSDT,JASMYUSDT,0.02,-3.77,-3.37,2432.88,28
38,LINKUSDT,DOGEUSDT,0.02,-3.69,-3.37,102.13,28
343,EGLDUSDT,GLMRUSDT,0.01,-3.81,-3.37,86.36,28
518,KDAUSDT,DUSKUSDT,0.0,-4.42,-3.37,12.53,28
540,ZRXUSDT,UNIUSDT,0.0,-4.23,-3.37,0.04,28
250,FTMUSDT,ADAUSDT,0.01,-3.93,-3.37,0.66,28
503,SUNUSDT,MKRUSDT,0.02,-3.69,-3.37,0.0,28
655,LUNA2USDT,TOMOUSDT,0.04,-3.43,-3.37,3.24,28
210,AVAXUSDT,SHIB1000USDT,0.01,-4.02,-3.37,1726.54,28
74,LINKUSDT,DODOUSDT,0.01,-3.84,-3.37,51.3,27
275,OMGUSDT,ADAUSDT,0.01,-3.93,-3.37,4.15,27
553,ZRXUSDT,CROUSDT,0.02,-3.75,-3.37,2.42,27
480,LOOKSUSDT,ROSEUSDT,0.0,-4.25,-3.37,3.9,27
137,UNIUSDT,IOTAUSDT,0.02,-3.7,-3.37,24.5,27
576,SCRTUSDT,KSMUSDT,0.04,-3.44,-3.37,0.02,26
594,CVXUSDT,ALICEUSDT,0.03,-3.58,-3.37,2.37,26
388,SFPUSDT,XEMUSDT,0.02,-3.6,-3.37,7.87,26
591,CVXUSDT,ICPUSDT,0.04,-3.45,-3.37,0.82,26
449,KAVAUSDT,BOBAUSDT,0.01,-3.77,-3.37,4.64,26
30,LTCUSDT,ENSUSDT,0.02,-3.67,-3.37,4.13,26
367,WOOUSDT,OGNUSDT,0.0,-5.37,-3.37,0.91,26
48,LINKUSDT,CROUSDT,0.03,-3.56,-3.37,56.0,26
138,UNIUSDT,ICXUSDT,0.02,-3.6,-3.37,24.58,26
85,DOTUSDT,CROUSDT,0.03,-3.52,-3.37,58.51,26
248,BSVUSDT,ARPAUSDT,0.03,-3.56,-3.37,1451.22,26
496,SUNUSDT,XEMUSDT,0.04,-3.46,-3.37,0.13,26
156,SUSHIUSDT,SLPUSDT,0.0,-4.65,-3.37,282.31,26
377,CHRUSDT,DOGEUSDT,0.03,-3.54,-3.37,2.49,26
650,LUNA2USDT,JASMYUSDT,0.01,-3.77,-3.37,178.01,26
408,MASKUSDT,JASMYUSDT,0.0,-4.35,-3.37,149.36,26
642,LUNA2USDT,RENUSDT,0.01,-3.96,-3.37,12.31,25
590,CVXUSDT,GRTUSDT,0.04,-3.41,-3.37,48.82,25
297,C98USDT,SHIB1000USDT,0.01,-3.88,-3.37,31.6,25
103,UNIUSDT,DOTUSDT,0.04,-3.38,-3.37,0.95,25
667,BLZUSDT,LRCUSDT,0.01,-3.98,-3.37,0.21,25
495,SUNUSDT,UNIUSDT,0.0,-4.27,-3.37,0.0,25
506,SUNUSDT,IMXUSDT,0.02,-3.76,-3.37,0.01,25
139,UNIUSDT,WAVESUSDT,0.01,-4.02,-3.37,1.43,25
166,AAVEUSDT,RENUSDT,0.02,-3.62,-3.37,648.97,24
412,MASKUSDT,OGNUSDT,0.01,-4.08,-3.37,7.37,24
141,UNIUSDT,DENTUSDT,0.01,-4.11,-3.37,6949.29,24
160,SUSHIUSDT,JASMYUSDT,0.04,-3.45,-3.37,128.21,24
175,MATICUSDT,XEMUSDT,0.02,-3.75,-3.37,17.74,24
511,SUNUSDT,IOTAUSDT,0.03,-3.48,-3.37,0.02,24
129,UNIUSDT,AUDIOUSDT,0.0,-4.57,-3.37,22.95,24
294,HBARUSDT,CTCUSDT,0.03,-3.57,-3.37,0.18,24
58,LINKUSDT,JASMYUSDT,0.01,-3.83,-3.37,756.75,24
562,ZRXUSDT,JASMYUSDT,0.01,-3.84,-3.37,32.64,24
254,DYDXUSDT,RNDRUSDT,0.03,-3.58,-3.37,2.93,24
261,NEARUSDT,FLOWUSDT,0.01,-3.8,-3.37,1.96,24
214,AVAXUSDT,LRCUSDT,0.04,-3.43,-3.37,60.0,23
208,KSMUSDT,XEMUSDT,0.01,-4.06,-3.37,1084.48,23
543,ZRXUSDT,THETAUSDT,0.0,-4.83,-3.37,0.25,23
17,ETHUSDT,CKBUSDT,0.04,-3.41,-3.37,393284.68,23
54,LINKUSDT,DUSKUSDT,0.01,-3.79,-3.37,54.25,23
307,C98USDT,JASMYUSDT,0.0,-4.13,-3.37,44.53,23
56,LINKUSDT,WAVESUSDT,0.0,-4.86,-3.37,1.44,23
168,AAVEUSDT,ZENUSDT,0.0,-5.24,-3.37,5.24,23
528,BSWUSDT,XLMUSDT,0.01,-3.96,-3.37,2.96,23
358,WOOUSDT,SKLUSDT,0.0,-4.84,-3.37,3.31,23
671,BLZUSDT,IOTAUSDT,0.03,-3.53,-3.37,0.27,23
62,LINKUSDT,OCEANUSDT,0.03,-3.57,-3.37,41.59,23
456,LOOKSUSDT,DOGEUSDT,0.01,-4.1,-3.37,4.12,23
299,C98USDT,CELRUSDT,0.04,-3.4,-3.37,20.59,23
441,KAVAUSDT,ICXUSDT,0.02,-3.63,-3.37,6.38,22
581,MINAUSDT,SHIB1000USDT,0.01,-4.1,-3.37,53.9,22
482,LOOKSUSDT,JASMYUSDT,0.01,-3.92,-3.37,30.54,22
432,PEOPLEUSDT,AAVEUSDT,0.04,-3.4,-3.37,0.0,22
265,NEARUSDT,STXUSDT,0.04,-3.38,-3.37,11.0,22
142,UNIUSDT,JASMYUSDT,0.0,-4.27,-3.37,752.63,22
247,BSVUSDT,XMRUSDT,0.01,-4.1,-3.37,0.36,22
595,CVXUSDT,RUNEUSDT,0.03,-3.53,-3.37,2.42,22
331,EGLDUSDT,REQUSDT,0.03,-3.56,-3.37,449.45,22
381,QTUMUSDT,JASMYUSDT,0.03,-3.49,-3.37,366.86,22
621,CTCUSDT,XTZUSDT,0.03,-3.48,-3.37,0.23,22
284,HBARUSDT,AGLDUSDT,0.02,-3.61,-3.37,0.18,22
526,KDAUSDT,BLZUSDT,0.0,-5.35,-3.37,20.87,22
222,AVAXUSDT,BICOUSDT,0.02,-3.71,-3.37,45.28,22
228,AVAXUSDT,RAYUSDT,0.0,-5.02,-3.37,32.5,22
407,MASKUSDT,DUSKUSDT,0.01,-3.88,-3.37,10.7,21
535,ARPAUSDT,KSMUSDT,0.03,-3.57,-3.37,0.0,21
620,CTCUSDT,XRPUSDT,0.04,-3.38,-3.37,1.11,21
260,NEARUSDT,SRMUSDT,0.02,-3.75,-3.37,5.1,21
281,BITUSDT,BALUSDT,0.0,-4.31,-3.37,0.08,21
460,LOOKSUSDT,AXSUSDT,0.02,-3.72,-3.37,0.02,21
618,GALUSDT,SANDUSDT,0.02,-3.61,-3.37,2.57,21
662,ONTUSDT,ZENUSDT,0.0,-4.24,-3.37,0.01,21
379,QTUMUSDT,ZECUSDT,0.02,-3.72,-3.37,0.05,21
187,MATICUSDT,RVNUSDT,0.0,-4.15,-3.37,26.23,21
660,ONTUSDT,ENSUSDT,0.04,-3.46,-3.37,0.02,21
286,HBARUSDT,DUSKUSDT,0.0,-4.61,-3.37,0.5,21
98,DOTUSDT,HOTUSDT,0.04,-3.41,-3.37,3345.03,21
355,WOOUSDT,CELRUSDT,0.03,-3.51,-3.37,8.56,21
126,UNIUSDT,LPTUSDT,0.02,-3.6,-3.37,0.69,21
356,WOOUSDT,SXPUSDT,0.02,-3.76,-3.37,0.43,21
53,LINKUSDT,RSRUSDT,0.04,-3.46,-3.37,1167.81,21
88,DOTUSDT,ZENUSDT,0.0,-4.35,-3.37,0.44,21
217,AVAXUSDT,IMXUSDT,0.0,-4.37,-3.37,26.4,21
554,ZRXUSDT,ZECUSDT,0.02,-3.63,-3.37,0.0,21
569,ZRXUSDT,BAKEUSDT,0.0,-4.36,-3.37,1.13,21
23,XRPUSDT,CKBUSDT,0.03,-3.54,-3.37,80.72,21
467,LOOKSUSDT,ONEUSDT,0.02,-3.71,-3.37,12.18,20
420,1INCHUSDT,XEMUSDT,0.04,-3.4,-3.37,15.33,20
237,AVAXUSDT,GALUSDT,0.04,-3.41,-3.37,8.3,20
146,SUSHIUSDT,DOGEUSDT,0.01,-4.04,-3.37,17.3,20
647,LUNA2USDT,ZENUSDT,0.01,-4.01,-3.37,0.1,20
440,KAVAUSDT,DUSKUSDT,0.03,-3.54,-3.37,13.99,20
163,AAVEUSDT,GRTUSDT,0.0,-4.19,-3.37,809.04,20
665,ONTUSDT,JASMYUSDT,0.0,-5.21,-3.37,26.67,20
574,SCRTUSDT,XEMUSDT,0.02,-3.76,-3.37,25.15,20
105,UNIUSDT,DOGEUSDT,0.0,-4.34,-3.37,101.57,20
588,CVXUSDT,AXSUSDT,0.03,-3.49,-3.37,0.36,20
378,QTUMUSDT,ENSUSDT,0.03,-3.48,-3.37,0.26,19
277,BITUSDT,CHZUSDT,0.03,-3.56,-3.37,2.43,19
262,NEARUSDT,SLPUSDT,0.02,-3.74,-3.37,1028.43,19
414,MASKUSDT,STMXUSDT,0.0,-4.11,-3.37,171.19,19
443,KAVAUSDT,JASMYUSDT,0.03,-3.48,-3.37,195.13,19
150,SUSHIUSDT,FTMUSDT,0.01,-3.78,-3.37,3.91,19
525,KDAUSDT,OPUSDT,0.03,-3.48,-3.37,1.37,19
585,ACHUSDT,DUSKUSDT,0.01,-3.81,-3.37,0.11,19
301,C98USDT,LRCUSDT,0.02,-3.75,-3.37,1.1,19
82,DOTUSDT,MKRUSDT,0.02,-3.69,-3.37,0.01,19
571,ZRXUSDT,BOBAUSDT,0.01,-4.09,-3.37,0.78,19
25,BCHUSDT,ANTUSDT,0.01,-3.8,-3.37,70.76,19
573,ZRXUSDT,AKROUSDT,0.02,-3.69,-3.37,74.17,19
73,LINKUSDT,BOBAUSDT,0.0,-4.13,-3.37,18.0,19
470,LOOKSUSDT,RUNEUSDT,0.04,-3.41,-3.37,0.13,19
68,LINKUSDT,DGBUSDT,0.03,-3.49,-3.37,664.38,19
469,LOOKSUSDT,ALICEUSDT,0.0,-4.24,-3.37,0.13,19
136,UNIUSDT,ARUSDT,0.03,-3.55,-3.37,0.59,19
115,UNIUSDT,IOSTUSDT,0.0,-4.2,-3.37,532.31,19
127,UNIUSDT,CROUSDT,0.04,-3.42,-3.37,55.7,19
179,MATICUSDT,LPTUSDT,0.01,-3.81,-3.37,0.08,19
491,RAYUSDT,XEMUSDT,0.04,-3.44,-3.37,15.62,19
1,BTCUSDT,XEMUSDT,0.0,-4.27,-3.37,464900.32,18
539,STMXUSDT,UNIUSDT,0.0,-4.13,-3.37,0.0,18
240,CRVUSDT,ANTUSDT,0.0,-4.35,-3.37,0.64,18
135,UNIUSDT,DUSKUSDT,0.0,-4.34,-3.37,53.96,18
421,KLAYUSDT,XEMUSDT,0.04,-3.38,-3.37,5.49,18
13,BTCUSDT,ASTRUSDT,0.01,-3.81,-3.37,532420.58,18
555,ZRXUSDT,IMXUSDT,0.03,-3.57,-3.37,0.35,18
123,UNIUSDT,STORJUSDT,0.01,-4.01,-3.37,12.15,18
279,BITUSDT,CTKUSDT,0.04,-3.41,-3.37,0.56,18
57,LINKUSDT,DENTUSDT,0.01,-3.97,-3.37,6987.57,18
616,GALUSDT,VETUSDT,0.02,-3.61,-3.37,105.24,18
316,C98USDT,FITFIUSDT,0.03,-3.5,-3.37,4.49,17
397,SCUSDT,CTCUSDT,0.03,-3.53,-3.37,0.01,17
354,WOOUSDT,GALAUSDT,0.0,-4.39,-3.37,3.16,17
44,LINKUSDT,ALICEUSDT,0.01,-3.89,-3.37,3.17,17
341,EGLDUSDT,ARPAUSDT,0.04,-3.4,-3.37,1429.52,17
229,AVAXUSDT,OCEANUSDT,0.01,-3.84,-3.37,133.7,17
579,SCRTUSDT,TLMUSDT,0.04,-3.38,-3.37,42.77,17
34,LTCUSDT,JSTUSDT,0.01,-4.02,-3.37,1847.65,17
383,IMXUSDT,XEMUSDT,0.04,-3.44,-3.37,19.23,17
104,UNIUSDT,XEMUSDT,0.0,-4.35,-3.37,157.1,17
102,DOTUSDT,DARUSDT,0.02,-3.66,-3.37,27.55,17
550,ZRXUSDT,STORJUSDT,0.01,-4.05,-3.37,0.53,17
566,ZRXUSDT,HOTUSDT,0.04,-3.45,-3.37,138.11,17
558,ZRXUSDT,DUSKUSDT,0.01,-3.98,-3.37,2.34,17
398,STXUSDT,DOGEUSDT,0.03,-3.55,-3.37,5.73,17
347,ILVUSDT,XRPUSDT,0.04,-3.38,-3.37,275.36,17
199,MATICUSDT,LDOUSDT,0.01,-4.01,-3.37,0.37,17
855,USDCUSDT,KNCUSDT,0.0,-7.85,-3.37,0.57,17
475,LOOKSUSDT,ZENUSDT,0.04,-3.43,-3.37,0.02,17
296,C98USDT,DOGEUSDT,0.04,-3.46,-3.37,6.01,17
476,LOOKSUSDT,CVCUSDT,0.02,-3.76,-3.37,1.85,17
202,BNBUSDT,CEEKUSDT,0.0,-6.14,-3.37,1434.73,17
427,REEFUSDT,XEMUSDT,0.03,-3.5,-3.37,0.08,17
193,MATICUSDT,STMXUSDT,0.02,-3.61,-3.37,97.38,16
794,USDCUSDT,BITUSDT,0.0,-7.44,-3.37,2.01,16
79,DOTUSDT,DOGEUSDT,0.02,-3.75,-3.37,106.71,16
161,AAVEUSDT,DOGEUSDT,0.02,-3.61,-3.37,1265.72,16
658,ONTUSDT,DOGEUSDT,0.0,-5.83,-3.37,3.6,16
177,MATICUSDT,KSMUSDT,0.01,-4.0,-3.37,0.02,16
490,HNTUSDT,DUSKUSDT,0.02,-3.6,-3.37,51.68,16
472,LOOKSUSDT,ANKRUSDT,0.01,-4.0,-3.37,7.21,16
209,AVAXUSDT,DOGEUSDT,0.02,-3.66,-3.37,328.32,16
462,LOOKSUSDT,MANAUSDT,0.05,-3.37,-3.37,0.33,16
430,REEFUSDT,SHIB1000USDT,0.04,-3.38,-3.37,0.28,16
236,AVAXUSDT,MTLUSDT,0.01,-3.8,-3.37,18.85,16
656,LUNA2USDT,ONTUSDT,0.01,-3.78,-3.37,6.67,16
426,DUSKUSDT,XTZUSDT,0.01,-3.78,-3.37,0.08,16
515,RSS3USDT,CREAMUSDT,0.03,-3.54,-3.37,0.01,16
113,UNIUSDT,ENJUSDT,0.02,-3.68,-3.37,12.46,16
310,C98USDT,OGNUSDT,0.01,-3.91,-3.37,2.2,16
587,CVXUSDT,DOTUSDT,0.04,-3.41,-3.37,0.72,15
52,LINKUSDT,CVCUSDT,0.0,-4.77,-3.37,45.91,15
269,NEARUSDT,BAKEUSDT,0.03,-3.53,-3.37,16.15,15
465,LOOKSUSDT,FTMUSDT,0.0,-4.19,-3.37,0.93,15
303,C98USDT,IMXUSDT,0.01,-3.89,-3.37,0.48,15
464,LOOKSUSDT,ICPUSDT,0.01,-3.91,-3.37,0.04,15
349,ILVUSDT,ETCUSDT,0.04,-3.42,-3.37,2.67,15
258,NEARUSDT,DOGEUSDT,0.0,-4.17,-3.37,63.02,15
119,UNIUSDT,RENUSDT,0.0,-4.29,-3.37,52.06,15
165,AAVEUSDT,COTIUSDT,0.0,-4.41,-3.37,905.08,15
252,ALGOUSDT,XEMUSDT,0.01,-3.91,-3.37,6.73,15
373,WOOUSDT,CVXUSDT,0.02,-3.65,-3.37,0.03,15
288,HBARUSDT,CELOUSDT,0.03,-3.53,-3.37,0.07,15
84,DOTUSDT,RENUSDT,0.0,-4.46,-3.37,54.69,15
382,YGGUSDT,XEMUSDT,0.04,-3.41,-3.37,13.3,15
293,HBARUSDT,ASTRUSDT,0.04,-3.42,-3.37,1.68,15
509,SUNUSDT,RSRUSDT,0.03,-3.48,-3.37,0.95,15
315,C98USDT,GALUSDT,0.01,-3.79,-3.37,0.15,15
649,LUNA2USDT,XMRUSDT,0.02,-3.62,-3.37,0.01,15
111,UNIUSDT,SANDUSDT,0.0,-4.53,-3.37,6.6,15
291,HBARUSDT,BSWUSDT,0.0,-4.13,-3.37,0.21,15
657,LUNA2USDT,LDOUSDT,0.0,-4.24,-3.37,0.78,15
180,MATICUSDT,YGGUSDT,0.04,-3.39,-3.37,1.33,15
637,LUNA2USDT,DOGEUSDT,0.04,-3.4,-3.37,24.02,14
641,LUNA2USDT,COTIUSDT,0.0,-4.61,-3.37,17.18,14
551,ZRXUSDT,ANKRUSDT,0.0,-4.39,-3.37,7.69,14
542,ZRXUSDT,DOGEUSDT,0.0,-4.19,-3.37,4.4,14
106,UNIUSDT,SOLUSDT,0.05,-3.37,-3.37,0.2,14
192,MATICUSDT,ALPHAUSDT,0.02,-3.76,-3.37,6.23,14
144,UNIUSDT,ZILUSDT,0.0,-4.34,-3.37,186.88,14
213,AVAXUSDT,RENUSDT,0.03,-3.49,-3.37,168.31,14
516,KDAUSDT,SHIB1000USDT,0.01,-4.02,-3.37,124.02,14
521,KDAUSDT,GLMRUSDT,0.0,-4.83,-3.37,2.71,14
592,CVXUSDT,FTMUSDT,0.02,-3.77,-3.37,17.27,14
433,PEOPLEUSDT,DOGEUSDT,0.04,-3.46,-3.37,0.33,14
253,DYDXUSDT,SFPUSDT,0.05,-3.37,-3.37,4.79,14
255,DYDXUSDT,XMRUSDT,0.03,-3.58,-3.37,0.01,14
263,NEARUSDT,ANKRUSDT,0.02,-3.67,-3.37,110.19,14
463,LOOKSUSDT,SHIB1000USDT,0.0,-4.51,-3.37,21.67,13
486,HNTUSDT,CELRUSDT,0.01,-3.81,-3.37,333.11,13
461,LOOKSUSDT,SANDUSDT,0.03,-3.55,-3.37,0.27,13
453,LOOKSUSDT,LINKUSDT,0.03,-3.47,-3.37,0.04,13
336,EGLDUSDT,10000NFTUSDT,0.01,-3.87,-3.37,9316.27,13
471,LOOKSUSDT,STORJUSDT,0.0,-4.16,-3.37,0.49,13
659,ONTUSDT,SHIB1000USDT,0.02,-3.66,-3.37,18.93,13
586,ACHUSDT,CELOUSDT,0.04,-3.38,-3.37,0.02,13
436,KAVAUSDT,DOGEUSDT,0.01,-3.91,-3.37,26.33,13
646,LUNA2USDT,SFPUSDT,0.03,-3.52,-3.37,4.72,13
360,WOOUSDT,DUSKUSDT,0.0,-4.17,-3.37,1.33,13
575,SCRTUSDT,MATICUSDT,0.02,-3.64,-3.37,1.42,13
530,BSWUSDT,KSMUSDT,0.03,-3.51,-3.37,0.01,13
545,ZRXUSDT,FTMUSDT,0.04,-3.38,-3.37,1.0,13
605,FLMUSDT,ONEUSDT,0.0,-4.3,-3.37,6.2,13
865,LDOUSDT,BTCUSDT,0.03,-3.48,-3.37,0.0,13
300,C98USDT,AGLDUSDT,0.03,-3.53,-3.37,1.11,13
190,MATICUSDT,OCEANUSDT,0.02,-3.75,-3.37,4.67,13
99,DOTUSDT,BAKEUSDT,0.0,-4.39,-3.37,27.33,13
298,C98USDT,IOSTUSDT,0.03,-3.55,-3.37,31.49,13
148,SUSHIUSDT,AXSUSDT,0.0,-4.84,-3.37,0.08,13
158,SUSHIUSDT,DUSKUSDT,0.03,-3.57,-3.37,9.19,13
86,DOTUSDT,SXPUSDT,0.01,-3.81,-3.37,18.5,13
125,UNIUSDT,ANKRUSDT,0.04,-3.4,-3.37,177.38,12
274,SRMUSDT,DOGEUSDT,0.03,-3.55,-3.37,12.36,12
640,LUNA2USDT,KSMUSDT,0.02,-3.72,-3.37,0.03,12
97,DOTUSDT,OGNUSDT,0.02,-3.68,-3.37,38.98,12
335,EGLDUSDT,RVNUSDT,0.03,-3.57,-3.37,1720.02,12
109,UNIUSDT,THETAUSDT,0.0,-4.59,-3.37,5.76,12
318,AGLDUSDT,DOGEUSDT,0.04,-3.39,-3.37,5.42,12
394,SCUSDT,JASMYUSDT,0.02,-3.6,-3.37,0.44,12
348,ILVUSDT,DOGEUSDT,0.04,-3.39,-3.37,1316.78,12
593,CVXUSDT,GALAUSDT,0.03,-3.58,-3.37,96.61,12
532,CTSIUSDT,DOGEUSDT,0.04,-3.47,-3.37,2.18,12
428,REEFUSDT,DOGEUSDT,0.04,-3.41,-3.37,0.05,12
429,REEFUSDT,TRXUSDT,0.04,-3.41,-3.37,0.06,11
402,MASKUSDT,IOTXUSDT,0.03,-3.53,-3.37,44.05,11
223,AVAXUSDT,DUSKUSDT,0.0,-4.23,-3.37,174.42,11
529,BSWUSDT,TRXUSDT,0.0,-4.43,-3.37,5.09,11
133,UNIUSDT,CVCUSDT,0.02,-3.76,-3.37,45.64,11
128,UNIUSDT,SXPUSDT,0.02,-3.74,-3.37,17.61,11
218,AVAXUSDT,SFPUSDT,0.05,-3.38,-3.37,64.46,11
498,SUNUSDT,SOLUSDT,0.03,-3.57,-3.37,0.0,11
359,WOOUSDT,RSRUSDT,0.02,-3.69,-3.37,28.58,11
559,ZRXUSDT,XMRUSDT,0.03,-3.59,-3.37,0.0,11
422,DUSKUSDT,BTCUSDT,0.0,-4.14,-3.37,0.0,11
363,WOOUSDT,RAYUSDT,0.04,-3.4,-3.37,0.25,11
164,AAVEUSDT,MKRUSDT,0.01,-3.96,-3.37,0.11,11
169,AAVEUSDT,CVCUSDT,0.01,-3.93,-3.37,569.11,11
170,AAVEUSDT,DUSKUSDT,0.04,-3.41,-3.37,672.19,11
174,AAVEUSDT,TOMOUSDT,0.0,-4.13,-3.37,170.75,11
186,MATICUSDT,PEOPLEUSDT,0.03,-3.52,-3.37,34.77,11
155,SUSHIUSDT,RUNEUSDT,0.01,-3.9,-3.37,0.55,11
346,EGLDUSDT,LDOUSDT,0.03,-3.56,-3.37,24.46,11
561,ZRXUSDT,LOOKSUSDT,0.01,-3.82,-3.37,1.07,11
664,ONTUSDT,LOOKSUSDT,0.03,-3.59,-3.37,0.87,11
285,HBARUSDT,REQUSDT,0.0,-5.04,-3.37,0.57,11
83,DOTUSDT,ALICEUSDT,0.04,-3.39,-3.37,3.31,11
19,XRPUSDT,XTZUSDT,0.03,-3.47,-3.37,0.21,11
619,GALUSDT,MANAUSDT,0.0,-4.3,-3.37,3.21,11
617,GALUSDT,AXSUSDT,0.03,-3.51,-3.37,0.19,11
607,FLMUSDT,ANKRUSDT,0.0,-4.6,-3.37,3.67,11
45,LINKUSDT,RUNEUSDT,0.0,-4.83,-3.37,3.24,11
8,BTCUSDT,CKBUSDT,0.01,-3.78,-3.37,5074496.55,11
33,LTCUSDT,ANTUSDT,0.04,-3.4,-3.37,32.12,11
666,ONTUSDT,API3USDT,0.02,-3.67,-3.37,0.13,11
55,LINKUSDT,XMRUSDT,0.05,-3.37,-3.37,0.05,11
46,LINKUSDT,BATUSDT,0.0,-4.46,-3.37,19.51,10
4,BTCUSDT,COTIUSDT,0.04,-3.39,-3.37,214899.6,10
622,CTCUSDT,UNIUSDT,0.03,-3.56,-3.37,0.05,10
447,KAVAUSDT,BAKEUSDT,0.03,-3.55,-3.37,6.75,10
243,SHIB1000USDT,DOGEUSDT,0.03,-3.5,-3.37,0.19,10
268,NEARUSDT,GMTUSDT,0.02,-3.75,-3.37,5.19,10
12,BTCUSDT,BAKEUSDT,0.02,-3.67,-3.37,76928.44,9
220,AVAXUSDT,CVCUSDT,0.0,-4.19,-3.37,147.57,9
7,BTCUSDT,10000NFTUSDT,0.04,-3.47,-3.37,3722308.46,9
212,AVAXUSDT,GALAUSDT,0.0,-4.33,-3.37,415.25,9
406,MASKUSDT,CVCUSDT,0.02,-3.6,-3.37,9.06,9
185,MATICUSDT,DUSKUSDT,0.0,-4.12,-3.37,6.09,9
454,LOOKSUSDT,DOTUSDT,0.05,-3.37,-3.37,0.04,9
458,LOOKSUSDT,VETUSDT,0.0,-4.33,-3.37,10.97,9
405,MASKUSDT,GTCUSDT,0.01,-3.9,-3.37,0.55,9
459,LOOKSUSDT,COMPUSDT,0.03,-3.55,-3.37,0.01,9
27,LTCUSDT,DASHUSDT,0.01,-4.04,-3.37,1.17,9
626,CTCUSDT,ENJUSDT,0.04,-3.42,-3.37,0.65,9
178,MATICUSDT,RENUSDT,0.01,-3.95,-3.37,5.88,9
534,ARPAUSDT,TRXUSDT,0.03,-3.52,-3.37,0.59,9
78,DOTUSDT,XEMUSDT,0.03,-3.59,-3.37,165.04,9
75,LINKUSDT,FITFIUSDT,0.04,-3.44,-3.37,76.15,9
548,ZRXUSDT,WOOUSDT,0.04,-3.42,-3.37,1.76,9
61,LINKUSDT,BANDUSDT,0.01,-3.84,-3.37,5.16,9
589,CVXUSDT,KSMUSDT,0.03,-3.51,-3.37,0.11,9
112,UNIUSDT,MANAUSDT,0.01,-3.83,-3.37,8.24,9
536,ARPAUSDT,SHIB1000USDT,0.02,-3.62,-3.37,2.76,9
597,FLMUSDT,DOGEUSDT,0.02,-3.67,-3.37,2.09,9
636,UNFIUSDT,ONEUSDT,0.01,-3.93,-3.37,412.83,9
604,FLMUSDT,CELRUSDT,0.03,-3.56,-3.37,7.18,9
42,LINKUSDT,GALAUSDT,0.0,-4.26,-3.37,129.17,9
36,LTCUSDT,LDOUSDT,0.02,-3.65,-3.37,25.11,9
484,LOOKSUSDT,ZILUSDT,0.01,-4.01,-3.37,7.58,9
625,CTCUSDT,TRXUSDT,0.02,-3.7,-3.37,5.94,9
478,LOOKSUSDT,DUSKUSDT,0.03,-3.59,-3.37,2.19,9
474,LOOKSUSDT,AUDIOUSDT,0.02,-3.75,-3.37,0.93,9
401,MASKUSDT,SHIB1000USDT,0.01,-4.1,-3.37,105.97,9
584,ACHUSDT,BICOUSDT,0.01,-3.78,-3.37,0.03,9
272,NEARUSDT,DARUSDT,0.02,-3.63,-3.37,16.27,9
304,C98USDT,DUSKUSDT,0.0,-4.54,-3.37,3.19,9
350,WOOUSDT,DOGEUSDT,0.04,-3.44,-3.37,2.5,9
317,C98USDT,UNFIUSDT,0.04,-3.4,-3.37,0.04,9
328,EGLDUSDT,LPTUSDT,0.01,-3.88,-3.37,5.14,9
246,BSVUSDT,ZENUSDT,0.04,-3.42,-3.37,3.16,9
295,HBARUSDT,BELUSDT,0.03,-3.56,-3.37,0.09,9
276,BITUSDT,BCHUSDT,0.0,-4.32,-3.37,0.0,8
661,ONTUSDT,ZECUSDT,0.01,-4.07,-3.37,0.0,8
384,IMXUSDT,DOGEUSDT,0.02,-3.73,-3.37,12.43,8
497,SUNUSDT,DOGEUSDT,0.03,-3.53,-3.37,0.08,8
492,RAYUSDT,DOGEUSDT,0.03,-3.52,-3.37,10.1,8
198,MATICUSDT,TOMOUSDT,0.01,-3.89,-3.37,1.55,8
457,LOOKSUSDT,FILUSDT,0.04,-3.38,-3.37,0.04,8
519,KDAUSDT,JASMYUSDT,0.03,-3.58,-3.37,174.69,8
334,EGLDUSDT,REEFUSDT,0.02,-3.65,-3.37,13913.15,8
446,KAVAUSDT,OGNUSDT,0.02,-3.73,-3.37,9.62,8
66,LINKUSDT,OGNUSDT,0.01,-3.96,-3.37,37.32,8
623,CTCUSDT,DOGEUSDT,0.02,-3.65,-3.37,5.33,8
195,MATICUSDT,GLMRUSDT,0.01,-3.89,-3.37,1.32,8
231,AVAXUSDT,OGNUSDT,0.02,-3.65,-3.37,119.98,8
670,BLZUSDT,DUSKUSDT,0.0,-4.37,-3.37,0.6,8
435,CELOUSDT,DOGEUSDT,0.04,-3.46,-3.37,12.86,8
510,SUNUSDT,DUSKUSDT,0.04,-3.46,-3.37,0.04,7
507,SUNUSDT,AUDIOUSDT,0.0,-4.21,-3.37,0.02,7
132,UNIUSDT,LITUSDT,0.04,-3.4,-3.37,9.12,7
391,SCUSDT,FLOWUSDT,0.0,-4.2,-3.37,0.0,7
499,SUNUSDT,ICPUSDT,0.0,-5.08,-3.37,0.0,7
266,NEARUSDT,CKBUSDT,0.03,-3.51,-3.37,1063.78,7
162,AAVEUSDT,KSMUSDT,0.01,-4.02,-3.37,1.8,7
364,WOOUSDT,OCEANUSDT,0.01,-3.79,-3.37,1.02,7
167,AAVEUSDT,LPTUSDT,0.01,-4.07,-3.37,8.66,7
473,LOOKSUSDT,LPTUSDT,0.02,-3.65,-3.37,0.03,7
715,TRBUSDT,IOTXUSDT,0.04,-3.4,-3.37,1190.8,7
369,WOOUSDT,ALPHAUSDT,0.01,-4.1,-3.37,1.36,7
371,WOOUSDT,BAKEUSDT,0.02,-3.7,-3.37,0.64,7
481,LOOKSUSDT,DENTUSDT,0.0,-4.49,-3.37,282.04,7
541,ZRXUSDT,XEMUSDT,0.0,-4.66,-3.37,6.81,7
678,TRBUSDT,UNIUSDT,0.03,-3.59,-3.37,5.39,7
311,C98USDT,GLMRUSDT,0.0,-6.51,-3.37,0.69,7
324,EGLDUSDT,SHIB1000USDT,0.0,-4.22,-3.37,3954.16,7
40,LINKUSDT,AXSUSDT,0.01,-3.97,-3.37,0.48,7
320,AGLDUSDT,TRXUSDT,0.02,-3.69,-3.37,6.05,7
582,1000XECUSDT,DUSKUSDT,0.04,-3.42,-3.37,0.31,7
313,C98USDT,MINAUSDT,0.04,-3.43,-3.37,0.59,7
578,SCRTUSDT,RENUSDT,0.04,-3.46,-3.37,8.33,7
312,C98USDT,ASTRUSDT,0.0,-4.49,-3.37,10.63,7
572,ZRXUSDT,FITFIUSDT,0.03,-3.5,-3.37,3.28,7
32,LTCUSDT,ZENUSDT,0.01,-4.03,-3.37,3.19,7
568,ZRXUSDT,GLMRUSDT,0.02,-3.69,-3.37,0.51,7
117,UNIUSDT,CELRUSDT,0.05,-3.37,-3.37,347.77,7
89,DOTUSDT,CVCUSDT,0.01,-3.95,-3.37,47.94,7
92,DOTUSDT,XNOUSDT,0.02,-3.67,-3.37,8.33,7
94,DOTUSDT,BANDUSDT,0.04,-3.39,-3.37,5.39,7
663,ONTUSDT,XMRUSDT,0.02,-3.68,-3.37,0.0,7
344,EGLDUSDT,ASTRUSDT,0.0,-4.16,-3.37,1332.6,7
546,ZRXUSDT,CELRUSDT,0.0,-4.28,-3.37,15.08,7
544,ZRXUSDT,SANDUSDT,0.03,-3.49,-3.37,0.29,7
537,ALPHAUSDT,UNIUSDT,0.01,-3.9,-3.37,0.02,7
669,BLZUSDT,SFPUSDT,0.03,-3.51,-3.37,0.22,7
374,WOOUSDT,GALUSDT,0.01,-3.92,-3.37,0.06,7
501,SUNUSDT,CELRUSDT,0.02,-3.67,-3.37,0.29,7
387,SFPUSDT,LINKUSDT,0.04,-3.42,-3.37,0.05,7
439,KAVAUSDT,CVCUSDT,0.0,-4.41,-3.37,11.84,7
777,USDCUSDT,CHZUSDT,0.0,-8.76,-3.37,4.89,7
749,USDCUSDT,EOSUSDT,0.0,-7.56,-3.37,0.68,7
242,GRTUSDT,XEMUSDT,0.04,-3.45,-3.37,2.42,7
386,IMXUSDT,SANDUSDT,0.03,-3.56,-3.37,0.81,7
859,USDCUSDT,CREAMUSDT,0.0,-7.74,-3.37,0.05,7
249,BSVUSDT,LDOUSDT,0.01,-4.1,-3.37,24.84,7
404,MASKUSDT,ZENUSDT,0.0,-4.37,-3.37,0.08,7
234,AVAXUSDT,GLMRUSDT,0.02,-3.71,-3.37,37.68,6
438,KAVAUSDT,ANKRUSDT,0.01,-3.82,-3.37,46.0,6
203,FILUSDT,ADAUSDT,0.05,-3.37,-3.37,14.58,6
278,BITUSDT,ENSUSDT,0.01,-3.8,-3.37,0.04,6
43,LINKUSDT,MKRUSDT,0.0,-4.64,-3.37,0.01,6
638,LUNA2USDT,XLMUSDT,0.04,-3.45,-3.37,15.59,6
124,UNIUSDT,SLPUSDT,0.0,-4.11,-3.37,1657.07,6
488,HNTUSDT,ANKRUSDT,0.01,-3.85,-3.37,169.93,6
375,IOTXUSDT,DOGEUSDT,0.01,-3.85,-3.37,0.46,6
538,ALPHAUSDT,DOGEUSDT,0.03,-3.54,-3.37,1.84,6
339,EGLDUSDT,OGNUSDT,0.0,-4.27,-3.37,274.56,6
283,HBARUSDT,DOGEUSDT,0.03,-3.49,-3.37,0.95,6
289,HBARUSDT,JASMYUSDT,0.01,-3.99,-3.37,7.04,6
21,XRPUSDT,ZECUSDT,0.01,-4.07,-3.37,0.01,6
322,EGLDUSDT,DOGEUSDT,0.03,-3.49,-3.37,751.89,6
280,BITUSDT,ANTUSDT,0.02,-3.61,-3.37,0.28,6
445,KAVAUSDT,GMTUSDT,0.05,-3.37,-3.37,2.16,6
366,WOOUSDT,GMTUSDT,0.01,-3.77,-3.37,0.21,6
834,USDCUSDT,RNDRUSDT,0.0,-7.74,-3.37,1.6,5
423,DUSKUSDT,ETHUSDT,0.04,-3.44,-3.37,0.0,5
424,DUSKUSDT,XRPUSDT,0.02,-3.74,-3.37,0.39,5
116,UNIUSDT,GALAUSDT,0.03,-3.55,-3.37,128.43,5
743,TRBUSDT,JASMYUSDT,0.02,-3.63,-3.37,4052.11,5
215,AVAXUSDT,IOTXUSDT,0.01,-3.78,-3.37,717.2,5
742,TRBUSDT,LOOKSUSDT,0.02,-3.6,-3.37,132.08,5
609,FLMUSDT,AUDIOUSDT,0.0,-4.19,-3.37,0.47,5
352,WOOUSDT,SHIB1000USDT,0.02,-3.69,-3.37,13.14,5
725,TRBUSDT,ZECUSDT,0.02,-3.63,-3.37,0.59,5
77,DOTUSDT,ADAUSDT,0.04,-3.44,-3.37,15.93,5
370,WOOUSDT,GLMRUSDT,0.0,-4.49,-3.37,0.29,5
721,TRBUSDT,LPTUSDT,0.03,-3.48,-3.37,3.74,5
679,TRBUSDT,SUSHIUSDT,0.02,-3.68,-3.37,31.6,5
353,WOOUSDT,IOSTUSDT,0.0,-4.34,-3.37,13.09,5
37,LINKUSDT,XEMUSDT,0.0,-4.41,-3.37,157.94,5
224,AVAXUSDT,IOTAUSDT,0.01,-3.85,-3.37,79.18,5
107,UNIUSDT,XLMUSDT,0.01,-3.95,-3.37,65.95,5
31,LTCUSDT,SNXUSDT,0.04,-3.43,-3.37,17.79,5
130,UNIUSDT,SKLUSDT,0.02,-3.71,-3.37,134.4,5
20,XRPUSDT,ETCUSDT,0.04,-3.44,-3.37,0.01,5
455,LOOKSUSDT,XEMUSDT,0.04,-3.43,-3.37,6.37,5
560,ZRXUSDT,ROSEUSDT,0.05,-3.37,-3.37,4.16,5
410,MASKUSDT,RAYUSDT,0.0,-4.42,-3.37,1.99,5
14,BTCUSDT,DARUSDT,0.02,-3.76,-3.37,77526.73,5
557,ZRXUSDT,CVCUSDT,0.0,-4.85,-3.37,1.98,5
556,ZRXUSDT,GTCUSDT,0.03,-3.58,-3.37,0.12,5
827,USDCUSDT,SFPUSDT,0.0,-7.86,-3.37,2.62,5
728,TRBUSDT,SKLUSDT,0.03,-3.49,-3.37,721.99,5
308,C98USDT,10000NFTUSDT,0.03,-3.58,-3.37,74.3,5
764,USDCUSDT,BNBUSDT,0.0,-7.87,-3.37,0.0,5
273,SRMUSDT,XEMUSDT,0.0,-4.19,-3.37,19.11,5
417,CTKUSDT,TRXUSDT,0.01,-3.81,-3.37,13.34,5
418,CTKUSDT,SHIB1000USDT,0.02,-3.62,-3.37,62.87,5
305,C98USDT,ARUSDT,0.01,-4.1,-3.37,0.03,5
101,DOTUSDT,ASTRUSDT,0.0,-4.5,-3.37,188.91,5
744,TRBUSDT,HNTUSDT,0.04,-3.42,-3.37,5.62,5
601,FLMUSDT,ICPUSDT,0.0,-5.14,-3.37,0.02,5
681,TRBUSDT,DOGEUSDT,0.01,-3.83,-3.37,546.98,5
713,TRBUSDT,WOOUSDT,0.04,-3.47,-3.37,217.97,5
63,LINKUSDT,API3USDT,0.0,-5.32,-3.37,3.59,5
157,SUSHIUSDT,CVCUSDT,0.0,-4.61,-3.37,7.78,5
706,TRBUSDT,MKRUSDT,0.02,-3.62,-3.37,0.05,5
489,HNTUSDT,CVCUSDT,0.01,-3.85,-3.37,43.72,5
329,EGLDUSDT,SFPUSDT,0.04,-3.41,-3.37,147.69,5
257,NEARUSDT,XEMUSDT,0.02,-3.75,-3.37,97.42,5
627,CTCUSDT,FTMUSDT,0.04,-3.38,-3.37,1.2,5
362,WOOUSDT,10000NFTUSDT,0.05,-3.37,-3.37,30.88,5
598,FLMUSDT,SANDUSDT,0.04,-3.42,-3.37,0.14,5
699,TRBUSDT,IOSTUSDT,0.03,-3.53,-3.37,2871.56,5
714,TRBUSDT,LRCUSDT,0.04,-3.4,-3.37,99.91,5
735,TRBUSDT,IOTAUSDT,0.05,-3.37,-3.37,132.11,5
500,SUNUSDT,FTMUSDT,0.01,-4.09,-3.37,0.02,5
845,USDCUSDT,DUSKUSDT,0.0,-7.85,-3.37,7.09,5
599,FLMUSDT,MANAUSDT,0.04,-3.41,-3.37,0.17,5
206,FILUSDT,APEUSDT,0.01,-3.92,-3.37,1.29,5
844,USDCUSDT,ANTUSDT,0.0,-7.62,-3.37,0.55,5
739,TRBUSDT,KAVAUSDT,0.01,-3.79,-3.37,20.77,5
196,MATICUSDT,ASTRUSDT,0.0,-4.28,-3.37,20.31,5
448,KAVAUSDT,ASTRUSDT,0.0,-4.79,-3.37,46.63,5
145,SUSHIUSDT,XEMUSDT,0.0,-4.48,-3.37,26.76,5
333,EGLDUSDT,DUSKUSDT,0.0,-4.47,-3.37,399.47,5
512,SUNUSDT,DENTUSDT,0.01,-4.03,-3.37,5.71,5
504,SUNUSDT,IOTXUSDT,0.03,-3.54,-3.37,0.18,5
399,STXUSDT,FILUSDT,0.04,-3.42,-3.37,0.06,4
513,SUNUSDT,JASMYUSDT,0.04,-3.44,-3.37,0.62,4
635,UNFIUSDT,CELRUSDT,0.01,-3.86,-3.37,478.19,4
69,LINKUSDT,GLMRUSDT,0.04,-3.39,-3.37,11.72,4
205,FILUSDT,FLOWUSDT,0.01,-4.03,-3.37,3.04,4
244,BSVUSDT,TRXUSDT,0.04,-3.47,-3.37,851.13,4
65,LINKUSDT,GMTUSDT,0.03,-3.56,-3.37,8.4,4
778,USDCUSDT,CRVUSDT,0.0,-7.71,-3.37,0.87,4
35,LTCUSDT,FXSUSDT,0.03,-3.49,-3.37,9.13,3
24,XRPUSDT,APEUSDT,0.04,-3.41,-3.37,0.06,3
847,USDCUSDT,REEFUSDT,0.0,-7.87,-3.37,246.99,3
835,USDCUSDT,SCUSDT,0.0,-7.74,-3.37,224.85,3
323,EGLDUSDT,TRXUSDT,0.04,-3.43,-3.37,838.7,3
392,SCUSDT,CVCUSDT,0.04,-3.45,-3.37,0.03,3
630,UNFIUSDT,DOGEUSDT,0.02,-3.7,-3.37,139.38,3
848,USDCUSDT,XMRUSDT,0.0,-7.75,-3.37,0.01,3
634,UNFIUSDT,ICPUSDT,0.0,-5.12,-3.37,1.5,3
863,USDCUSDT,HNTUSDT,0.0,-7.91,-3.37,0.14,3
809,USDCUSDT,FLOWUSDT,0.0,-7.7,-3.37,0.41,3
836,USDCUSDT,RSRUSDT,0.0,-7.89,-3.37,152.47,3
282,CELRUSDT,XTZUSDT,0.03,-3.48,-3.37,0.01,3
729,TRBUSDT,GTCUSDT,0.04,-3.39,-3.37,14.84,3
22,XRPUSDT,CVCUSDT,0.03,-3.5,-3.37,2.14,3
710,TRBUSDT,RUNEUSDT,0.02,-3.63,-3.37,17.32,3
701,TRBUSDT,FTTUSDT,0.04,-3.44,-3.37,1.42,3
702,TRBUSDT,GALAUSDT,0.04,-3.47,-3.37,689.52,3
703,TRBUSDT,CELRUSDT,0.02,-3.61,-3.37,1867.55,3
704,TRBUSDT,ONEUSDT,0.02,-3.74,-3.37,1605.53,3
705,TRBUSDT,C98USDT,0.04,-3.41,-3.37,90.75,3
707,TRBUSDT,ALICEUSDT,0.03,-3.51,-3.37,16.93,3
708,TRBUSDT,RENUSDT,0.04,-3.42,-3.37,280.09,3
736,TRBUSDT,ICXUSDT,0.02,-3.68,-3.37,132.31,3
709,TRBUSDT,TLMUSDT,0.04,-3.44,-3.37,1440.35,3
712,TRBUSDT,FLOWUSDT,0.02,-3.61,-3.37,16.99,3
16,ETHUSDT,FLOWUSDT,0.01,-3.79,-3.37,725.38,3
734,TRBUSDT,BICOUSDT,0.03,-3.56,-3.37,75.56,3
716,TRBUSDT,CHRUSDT,0.04,-3.42,-3.37,219.32,3
717,TRBUSDT,BATUSDT,0.03,-3.49,-3.37,104.56,3
724,TRBUSDT,SXPUSDT,0.03,-3.5,-3.37,94.73,3
733,TRBUSDT,STXUSDT,0.01,-3.93,-3.37,95.35,3
726,TRBUSDT,IMXUSDT,0.03,-3.48,-3.37,44.02,3
727,TRBUSDT,AUDIOUSDT,0.03,-3.56,-3.37,123.58,3
731,TRBUSDT,CVCUSDT,0.03,-3.52,-3.37,244.86,3
730,TRBUSDT,LITUSDT,0.04,-3.44,-3.37,49.08,3
700,TRBUSDT,DASHUSDT,0.04,-3.44,-3.37,0.83,3
737,TRBUSDT,WAVESUSDT,0.01,-3.79,-3.37,7.72,3
613,FLMUSDT,ICXUSDT,0.02,-3.65,-3.37,0.51,3
696,TRBUSDT,NEARUSDT,0.01,-3.96,-3.37,8.65,3
15,ETHUSDT,ETCUSDT,0.01,-3.8,-3.37,47.18,3
781,USDCUSDT,SHIB1000USDT,0.0,-8.05,-3.37,70.14,3
6,BTCUSDT,CVCUSDT,0.01,-4.02,-3.37,134836.44,3
668,BLZUSDT,IOTXUSDT,0.04,-3.38,-3.37,2.47,3
674,TRBUSDT,XRPUSDT,0.01,-3.78,-3.37,114.75,3
675,TRBUSDT,LINKUSDT,0.03,-3.55,-3.37,5.35,3
676,TRBUSDT,ADAUSDT,0.02,-3.66,-3.37,81.62,3
677,TRBUSDT,DOTUSDT,0.03,-3.57,-3.37,5.13,3
741,TRBUSDT,DENTUSDT,0.03,-3.59,-3.37,37421.95,3
680,TRBUSDT,AAVEUSDT,0.04,-3.38,-3.37,0.43,3
740,TRBUSDT,ROSEUSDT,0.02,-3.69,-3.37,514.27,3
685,TRBUSDT,XLMUSDT,0.02,-3.61,-3.37,356.42,3
687,TRBUSDT,THETAUSDT,0.03,-3.58,-3.37,30.99,3
688,TRBUSDT,COMPUSDT,0.02,-3.71,-3.37,0.74,3
690,TRBUSDT,SANDUSDT,0.02,-3.61,-3.37,35.54,3
691,TRBUSDT,MANAUSDT,0.02,-3.66,-3.37,44.33,3
692,TRBUSDT,AVAXUSDT,0.04,-3.43,-3.37,1.67,3
694,TRBUSDT,ICPUSDT,0.02,-3.7,-3.37,5.87,3
695,TRBUSDT,FTMUSDT,0.02,-3.73,-3.37,123.53,3
672,TRBUSDT,BTCUSDT,0.02,-3.61,-3.37,0.0,3
628,UNFIUSDT,UNIUSDT,0.04,-3.45,-3.37,1.37,3
564,ZRXUSDT,API3USDT,0.01,-3.81,-3.37,0.15,3
235,AVAXUSDT,ASTRUSDT,0.0,-4.69,-3.37,581.14,3
338,EGLDUSDT,OCEANUSDT,0.01,-3.91,-3.37,306.12,3
227,AVAXUSDT,XNOUSDT,0.04,-3.41,-3.37,25.63,3
563,ZRXUSDT,10000NFTUSDT,0.02,-3.65,-3.37,54.52,3
357,WOOUSDT,AUDIOUSDT,0.01,-3.84,-3.37,0.56,3
219,AVAXUSDT,GTCUSDT,0.02,-3.66,-3.37,8.95,3
340,EGLDUSDT,CTSIUSDT,0.03,-3.48,-3.37,345.2,3
91,DOTUSDT,10000NFTUSDT,0.01,-3.8,-3.37,1320.6,3
425,DUSKUSDT,LTCUSDT,0.03,-3.51,-3.37,0.0,3
505,SUNUSDT,ANKRUSDT,0.02,-3.65,-3.37,0.15,3
245,BSVUSDT,SNXUSDT,0.03,-3.48,-3.37,17.59,3
342,EGLDUSDT,STMXUSDT,0.0,-4.12,-3.37,6384.81,3
100,DOTUSDT,LINAUSDT,0.01,-3.9,-3.37,876.08,3
403,MASKUSDT,BATUSDT,0.03,-3.58,-3.37,3.85,3
547,ZRXUSDT,RUNEUSDT,0.0,-4.98,-3.37,0.14,3
226,AVAXUSDT,10000NFTUSDT,0.02,-3.76,-3.37,4062.33,3
434,IOTAUSDT,LINKUSDT,0.02,-3.61,-3.37,0.04,3
508,SUNUSDT,CVCUSDT,0.0,-4.83,-3.37,0.04,3
450,KAVAUSDT,FLMUSDT,0.04,-3.44,-3.37,12.52,3
531,BSWUSDT,CELRUSDT,0.04,-3.41,-3.37,15.6,3
118,UNIUSDT,ONEUSDT,0.0,-4.16,-3.37,299.66,3
527,BSWUSDT,UNIUSDT,0.02,-3.64,-3.37,0.04,3
514,SUNUSDT,ZILUSDT,0.02,-3.75,-3.37,0.15,3
524,KDAUSDT,FITFIUSDT,0.04,-3.38,-3.37,17.57,3
267,NEARUSDT,PAXGUSDT,0.0,-4.71,-3.37,0.0,3
452,KAVAUSDT,UNFIUSDT,0.04,-3.4,-3.37,0.19,3
372,WOOUSDT,ASTRUSDT,0.0,-5.17,-3.37,4.42,3
131,UNIUSDT,GTCUSDT,0.0,-4.72,-3.37,2.77,3
337,EGLDUSDT,RAYUSDT,0.01,-3.77,-3.37,74.43,3
251,FTMUSDT,XEMUSDT,0.0,-4.68,-3.37,6.84,3
570,ZRXUSDT,ASTRUSDT,0.0,-4.83,-3.37,7.8,3
466,LOOKSUSDT,ALGOUSDT,0.04,-3.44,-3.37,0.95,3
416,MASKUSDT,ASTRUSDT,0.03,-3.57,-3.37,35.64,3
477,LOOKSUSDT,BICOUSDT,0.04,-3.4,-3.37,0.57,3
483,LOOKSUSDT,10000NFTUSDT,0.03,-3.57,-3.37,50.94,3
325,EGLDUSDT,RENUSDT,0.04,-3.39,-3.37,385.31,3
326,EGLDUSDT,LRCUSDT,0.04,-3.46,-3.37,137.38,3
173,AAVEUSDT,ASTRUSDT,0.03,-3.54,-3.37,2238.6,3
602,FLMUSDT,FTMUSDT,0.04,-3.4,-3.37,0.47,3
259,NEARUSDT,ALGOUSDT,0.01,-4.1,-3.37,14.49,3
487,HNTUSDT,ONEUSDT,0.04,-3.38,-3.37,287.05,3
596,FLMUSDT,UNIUSDT,0.02,-3.59,-3.37,0.02,3
51,LINKUSDT,GTCUSDT,0.02,-3.69,-3.37,2.79,3
154,SUSHIUSDT,MKRUSDT,0.02,-3.76,-3.37,0.0,3
493,RAYUSDT,TRXUSDT,0.02,-3.63,-3.37,11.25,3
60,LINKUSDT,XNOUSDT,0.03,-3.56,-3.37,7.97,3
152,SUSHIUSDT,CELRUSDT,0.02,-3.67,-3.37,59.25,3
72,LINKUSDT,ASTRUSDT,0.0,-5.04,-3.37,180.75,3
151,SUSHIUSDT,ALGOUSDT,0.01,-3.8,-3.37,3.98,3
580,FXSUSDT,BTCUSDT,0.04,-3.47,-3.37,0.0,3
577,SCRTUSDT,AVAXUSDT,0.01,-3.79,-3.37,0.05,3
651,LUNA2USDT,10000NFTUSDT,0.01,-3.84,-3.37,297.24,2
396,SCUSDT,GMTUSDT,0.03,-3.49,-3.37,0.0,2
332,EGLDUSDT,KLAYUSDT,0.03,-3.55,-3.37,211.86,2
2,BTCUSDT,DOGEUSDT,0.01,-3.91,-3.37,300405.83,2
751,USDCUSDT,BCHUSDT,0.0,-7.58,-3.37,0.01,2
211,AVAXUSDT,IOSTUSDT,0.04,-3.39,-3.37,1720.52,2
653,LUNA2USDT,ASTRUSDT,0.02,-3.66,-3.37,42.52,2
783,USDCUSDT,BSVUSDT,0.0,-7.68,-3.37,0.02,2
805,USDCUSDT,RENUSDT,0.0,-7.85,-3.37,6.83,1
796,USDCUSDT,CELRUSDT,0.0,-7.92,-3.37,45.56,1
803,USDCUSDT,ALICEUSDT,0.0,-7.86,-3.37,0.41,1
797,USDCUSDT,HBARUSDT,0.0,-7.94,-3.37,14.06,1
801,USDCUSDT,MKRUSDT,0.0,-7.83,-3.37,0.0,1
798,USDCUSDT,ONEUSDT,0.0,-7.89,-3.37,39.21,1
799,USDCUSDT,C98USDT,0.0,-7.91,-3.37,2.21,1
804,USDCUSDT,EGLDUSDT,0.0,-7.95,-3.37,0.02,1
802,USDCUSDT,COTIUSDT,0.0,-7.82,-3.37,9.55,1
800,USDCUSDT,AGLDUSDT,0.0,-7.82,-3.37,2.46,1
612,FLMUSDT,IOTAUSDT,0.03,-3.49,-3.37,0.5,1
787,USDCUSDT,DYDXUSDT,0.0,-7.76,-3.37,0.55,1
795,USDCUSDT,GALAUSDT,0.0,-7.91,-3.37,16.82,1
779,USDCUSDT,ENJUSDT,0.0,-7.82,-3.37,1.64,1
768,USDCUSDT,TRXUSDT,0.0,-7.85,-3.37,14.93,1
769,USDCUSDT,VETUSDT,0.0,-7.83,-3.37,35.53,1
770,USDCUSDT,THETAUSDT,0.0,-7.81,-3.37,0.76,1
771,USDCUSDT,COMPUSDT,0.0,-7.79,-3.37,0.02,1
772,USDCUSDT,AXSUSDT,0.0,-7.8,-3.37,0.06,1
773,USDCUSDT,SANDUSDT,0.0,-7.84,-3.37,0.87,1
774,USDCUSDT,MANAUSDT,0.0,-7.86,-3.37,1.08,1
775,USDCUSDT,KSMUSDT,0.0,-7.79,-3.37,0.02,1
776,USDCUSDT,AVAXUSDT,0.0,-7.85,-3.37,0.04,1
415,MASKUSDT,GLMRUSDT,0.02,-3.62,-3.37,2.31,1
413,MASKUSDT,BSWUSDT,0.03,-3.56,-3.37,4.41,1
780,USDCUSDT,GRTUSDT,0.0,-7.81,-3.37,8.52,1
3,BTCUSDT,COMPUSDT,0.01,-3.85,-3.37,407.23,1
782,USDCUSDT,YFIUSDT,0.0,-7.68,-3.37,0.0,1
784,USDCUSDT,ICPUSDT,0.0,-7.91,-3.37,0.14,1
785,USDCUSDT,FTMUSDT,0.0,-7.81,-3.37,3.01,1
786,USDCUSDT,ALGOUSDT,0.0,-7.79,-3.37,3.07,1
807,USDCUSDT,RUNEUSDT,0.0,-7.79,-3.37,0.42,1
788,USDCUSDT,NEARUSDT,0.0,-7.74,-3.37,0.21,1
789,USDCUSDT,SRMUSDT,0.0,-7.73,-3.37,1.08,1
790,USDCUSDT,OMGUSDT,0.0,-7.76,-3.37,0.48,1
791,USDCUSDT,IOSTUSDT,0.0,-7.86,-3.37,69.98,1
792,USDCUSDT,DASHUSDT,0.0,-7.66,-3.37,0.02,1
793,USDCUSDT,FTTUSDT,0.0,-7.69,-3.37,0.03,1
806,USDCUSDT,TLMUSDT,0.0,-7.87,-3.37,35.11,1
819,USDCUSDT,ANKRUSDT,0.0,-7.86,-3.37,23.22,1
808,USDCUSDT,ILVUSDT,0.0,-7.73,-3.37,0.01,1
837,USDCUSDT,STXUSDT,0.0,-7.78,-3.37,2.33,1
839,USDCUSDT,CTKUSDT,0.0,-7.86,-3.37,1.12,1
840,USDCUSDT,BICOUSDT,0.0,-7.91,-3.37,1.84,1
841,USDCUSDT,REQUSDT,0.0,-7.83,-3.37,7.99,1
842,USDCUSDT,1INCHUSDT,0.0,-7.82,-3.37,1.35,1
843,USDCUSDT,KLAYUSDT,0.0,-7.75,-3.37,3.76,1
400,MASKUSDT,TRXUSDT,0.01,-4.11,-3.37,22.41,1
846,USDCUSDT,ARUSDT,0.0,-7.87,-3.37,0.08,1
230,AVAXUSDT,PAXGUSDT,0.02,-3.63,-3.37,0.01,1
849,USDCUSDT,PEOPLEUSDT,0.0,-7.82,-3.37,40.38,1
850,USDCUSDT,IOTAUSDT,0.0,-7.84,-3.37,3.22,1
851,USDCUSDT,ICXUSDT,0.0,-7.81,-3.37,3.23,1
852,USDCUSDT,CELOUSDT,0.0,-7.89,-3.37,1.04,1
853,USDCUSDT,WAVESUSDT,0.0,-7.77,-3.37,0.19,1
854,USDCUSDT,RVNUSDT,0.0,-7.8,-3.37,30.51,1
856,USDCUSDT,KAVAUSDT,0.0,-7.78,-3.37,0.51,1
857,USDCUSDT,ROSEUSDT,0.0,-7.8,-3.37,12.56,1
858,USDCUSDT,DENTUSDT,0.0,-7.84,-3.37,912.38,1
395,SCUSDT,PAXGUSDT,0.02,-3.66,-3.37,0.0,1
860,USDCUSDT,LOOKSUSDT,0.0,-7.87,-3.37,3.22,1
861,USDCUSDT,JASMYUSDT,0.0,-7.91,-3.37,98.81,1
862,USDCUSDT,10000NFTUSDT,0.0,-7.87,-3.37,165.68,1
393,SCUSDT,KNCUSDT,0.02,-3.68,-3.37,0.0,1
864,USDCUSDT,ZILUSDT,0.0,-7.81,-3.37,24.53,1
838,USDCUSDT,MASKUSDT,0.0,-7.92,-3.37,0.66,1
389,SFPUSDT,AAVEUSDT,0.04,-3.43,-3.37,0.0,1
411,MASKUSDT,PAXGUSDT,0.02,-3.61,-3.37,0.0,1
833,USDCUSDT,CVCUSDT,0.0,-7.8,-3.37,5.98,1
810,USDCUSDT,WOOUSDT,0.0,-7.87,-3.37,5.32,1
811,USDCUSDT,LRCUSDT,0.0,-7.89,-3.37,2.44,1
812,USDCUSDT,ENSUSDT,0.0,-7.75,-3.37,0.07,1
813,USDCUSDT,IOTXUSDT,0.0,-7.91,-3.37,29.05,1
814,USDCUSDT,CHRUSDT,0.0,-7.94,-3.37,5.35,1
815,USDCUSDT,BATUSDT,0.0,-7.81,-3.37,2.55,1
816,USDCUSDT,STORJUSDT,0.0,-7.8,-3.37,1.59,1
817,USDCUSDT,SNXUSDT,0.0,-7.79,-3.37,0.31,1
818,USDCUSDT,SLPUSDT,0.0,-7.79,-3.37,217.45,1
766,USDCUSDT,SOLUSDT,0.0,-7.83,-3.37,0.03,1
820,USDCUSDT,LPTUSDT,0.0,-7.79,-3.37,0.09,1
821,USDCUSDT,QTUMUSDT,0.0,-7.73,-3.37,0.27,1
822,USDCUSDT,CROUSDT,0.0,-7.75,-3.37,7.32,1
823,USDCUSDT,SXPUSDT,0.0,-7.78,-3.37,2.31,1
824,USDCUSDT,YGGUSDT,0.0,-7.81,-3.37,1.55,1
825,USDCUSDT,ZECUSDT,0.0,-7.73,-3.37,0.01,1
826,USDCUSDT,IMXUSDT,0.0,-7.9,-3.37,1.07,1
409,MASKUSDT,10000NFTUSDT,0.0,-4.35,-3.37,249.1,1
828,USDCUSDT,AUDIOUSDT,0.0,-7.86,-3.37,3.01,1
829,USDCUSDT,ZENUSDT,0.0,-7.79,-3.37,0.06,1
830,USDCUSDT,SKLUSDT,0.0,-7.9,-3.37,17.61,1
831,USDCUSDT,GTCUSDT,0.0,-7.85,-3.37,0.36,1
832,USDCUSDT,LITUSDT,0.0,-7.88,-3.37,1.2,1
767,USDCUSDT,XLMUSDT,0.0,-7.8,-3.37,8.68,1
207,FILUSDT,FXSUSDT,0.03,-3.48,-3.37,1.14,1
765,USDCUSDT,FILUSDT,0.0,-7.78,-3.37,0.14,1
90,DOTUSDT,ROSEUSDT,0.04,-3.43,-3.37,100.84,1
11,BTCUSDT,PAXGUSDT,0.02,-3.72,-3.37,12.8,1
10,BTCUSDT,API3USDT,0.03,-3.57,-3.37,10548.65,1
95,DOTUSDT,API3USDT,0.0,-5.41,-3.37,3.75,1
96,DOTUSDT,PAXGUSDT,0.0,-4.25,-3.37,0.0,1
306,C98USDT,KNCUSDT,0.03,-3.51,-3.37,0.25,1
345,EGLDUSDT,TOMOUSDT,0.03,-3.48,-3.37,101.4,1
110,UNIUSDT,AXSUSDT,0.01,-4.01,-3.37,0.48,1
271,NEARUSDT,FXSUSDT,0.03,-3.56,-3.37,0.74,1
533,CTSIUSDT,TRXUSDT,0.02,-3.64,-3.37,2.43,1
5,BTCUSDT,SLPUSDT,0.01,-3.8,-3.37,4899562.51,1
351,WOOUSDT,VETUSDT,0.01,-3.84,-3.37,6.65,1
673,TRBUSDT,ETHUSDT,0.03,-3.5,-3.37,0.02,1
121,UNIUSDT,RUNEUSDT,0.01,-3.94,-3.37,3.22,1
523,KDAUSDT,1000XECUSDT,0.04,-3.47,-3.37,40.12,1
270,NEARUSDT,ASTRUSDT,0.0,-4.23,-3.37,111.45,1
520,KDAUSDT,PAXGUSDT,0.01,-3.84,-3.37,0.0,1
682,TRBUSDT,ETCUSDT,0.01,-3.99,-3.37,1.11,1
683,TRBUSDT,FILUSDT,0.01,-3.96,-3.37,5.56,1
684,TRBUSDT,SOLUSDT,0.01,-3.79,-3.37,1.05,1
686,TRBUSDT,VETUSDT,0.03,-3.51,-3.37,1457.7,1
689,TRBUSDT,AXSUSDT,0.02,-3.65,-3.37,2.57,1
309,C98USDT,PAXGUSDT,0.0,-4.74,-3.37,0.0,1
18,ETHUSDT,FXSUSDT,0.01,-4.02,-3.37,274.65,1
143,UNIUSDT,10000NFTUSDT,0.01,-4.07,-3.37,1257.14,1
652,LUNA2USDT,PAXGUSDT,0.02,-3.69,-3.37,0.0,1
611,FLMUSDT,DUSKUSDT,0.02,-3.76,-3.37,1.11,1
610,FLMUSDT,RSRUSDT,0.02,-3.72,-3.37,23.96,1
608,FLMUSDT,IMXUSDT,0.01,-3.88,-3.37,0.17,1
606,FLMUSDT,CHRUSDT,0.04,-3.41,-3.37,0.84,1
603,FLMUSDT,IOSTUSDT,0.01,-3.95,-3.37,10.97,1
600,FLMUSDT,SHIB1000USDT,0.02,-3.72,-3.37,11.01,1
327,EGLDUSDT,CHRUSDT,0.03,-3.5,-3.37,301.75,1
330,EGLDUSDT,GTCUSDT,0.0,-4.74,-3.37,20.48,1
59,LINKUSDT,10000NFTUSDT,0.02,-3.66,-3.37,1263.48,1
629,UNFIUSDT,XEMUSDT,0.04,-3.41,-3.37,215.08,1
631,UNFIUSDT,SOLUSDT,0.0,-4.51,-3.37,0.27,1
632,UNFIUSDT,MANAUSDT,0.02,-3.63,-3.37,11.32,1
633,UNFIUSDT,ENJUSDT,0.04,-3.38,-3.37,17.1,1
64,LINKUSDT,PAXGUSDT,0.0,-4.7,-3.37,0.0,1
583,ACHUSDT,C98USDT,0.03,-3.51,-3.37,0.03,1
639,LUNA2USDT,TRXUSDT,0.0,-4.35,-3.37,26.75,1
80,DOTUSDT,TRXUSDT,0.04,-3.4,-3.37,118.84,1
29,LTCUSDT,RENUSDT,0.03,-3.58,-3.37,395.61,1
26,LTCUSDT,YFIUSDT,0.0,-4.26,-3.37,0.01,1
565,ZRXUSDT,PAXGUSDT,0.0,-4.66,-3.37,0.0,1
290,HBARUSDT,PAXGUSDT,0.02,-3.67,-3.37,0.0,1
140,UNIUSDT,KNCUSDT,0.03,-3.52,-3.37,4.32,1
693,TRBUSDT,ENJUSDT,0.02,-3.75,-3.37,67.08,1
763,USDCUSDT,ETCUSDT,0.0,-7.61,-3.37,0.03,1
444,KAVAUSDT,PAXGUSDT,0.0,-4.64,-3.37,0.0,1
197,MATICUSDT,DODOUSDT,0.02,-3.68,-3.37,5.76,1
204,FILUSDT,ILVUSDT,0.02,-3.66,-3.37,0.07,1
614,FLMUSDT,KNCUSDT,0.04,-3.44,-3.37,0.09,1
380,QTUMUSDT,CVCUSDT,0.03,-3.59,-3.37,22.24,1
745,TRBUSDT,ZILUSDT,0.02,-3.63,-3.37,1005.88,1
746,BELUSDT,TRXUSDT,0.0,-4.31,-3.37,11.5,1
747,USDCUSDT,BTCUSDT,0.0,-7.72,-3.37,0.0,1
748,USDCUSDT,ETHUSDT,0.0,-7.61,-3.37,0.0,1
419,REQUSDT,GALAUSDT,0.02,-3.68,-3.37,2.11,1
750,USDCUSDT,XRPUSDT,0.0,-7.66,-3.37,2.8,1
752,USDCUSDT,LTCUSDT,0.0,-7.64,-3.37,0.02,1
753,USDCUSDT,XTZUSDT,0.0,-7.79,-3.37,0.58,1
754,USDCUSDT,LINKUSDT,0.0,-7.78,-3.37,0.13,1
755,USDCUSDT,ADAUSDT,0.0,-7.82,-3.37,1.99,1
756,USDCUSDT,DOTUSDT,0.0,-7.79,-3.37,0.13,1
757,USDCUSDT,UNIUSDT,0.0,-7.86,-3.37,0.13,1
758,USDCUSDT,XEMUSDT,0.0,-7.7,-3.37,20.67,1
759,USDCUSDT,SUSHIUSDT,0.0,-7.79,-3.37,0.77,1
760,USDCUSDT,AAVEUSDT,0.0,-7.82,-3.37,0.01,1
761,USDCUSDT,DOGEUSDT,0.0,-7.89,-3.37,13.34,1
762,USDCUSDT,MATICUSDT,0.0,-7.79,-3.37,1.16,1
442,KAVAUSDT,KNCUSDT,0.02,-3.67,-3.37,1.12,1
732,TRBUSDT,SCUSDT,0.01,-3.98,-3.37,9224.3,1
502,SUNUSDT,ONEUSDT,0.0,-4.98,-3.37,0.25,1
191,MATICUSDT,PAXGUSDT,0.01,-3.94,-3.37,0.0,1
697,TRBUSDT,SRMUSDT,0.01,-3.85,-3.37,44.17,1
698,TRBUSDT,OMGUSDT,0.03,-3.58,-3.37,19.69,1
494,SUNUSDT,ADAUSDT,0.02,-3.61,-3.37,0.01,1
153,SUSHIUSDT,ONEUSDT,0.01,-3.9,-3.37,51.06,1
361,WOOUSDT,IOTAUSDT,0.03,-3.58,-3.37,0.6,1
479,LOOKSUSDT,KNCUSDT,0.04,-3.39,-3.37,0.17,1
711,TRBUSDT,ILVUSDT,0.04,-3.43,-3.37,0.42,1
365,WOOUSDT,PAXGUSDT,0.01,-3.79,-3.37,0.0,1
368,WOOUSDT,HOTUSDT,0.02,-3.61,-3.37,78.37,1
171,AAVEUSDT,10000NFTUSDT,0.01,-3.87,-3.37,15648.78,1
468,LOOKSUSDT,MKRUSDT,0.0,-4.35,-3.37,0.0,1
718,TRBUSDT,STORJUSDT,0.03,-3.58,-3.37,65.41,1
719,TRBUSDT,SLPUSDT,0.02,-3.69,-3.37,8915.3,1
720,TRBUSDT,ANKRUSDT,0.01,-3.88,-3.37,950.95,1
176,MATICUSDT,TRXUSDT,0.01,-3.78,-3.37,12.78,1
722,TRBUSDT,QTUMUSDT,0.03,-3.58,-3.37,11.05,1
723,TRBUSDT,CROUSDT,0.04,-3.45,-3.37,300.21,1
182,MATICUSDT,GTCUSDT,0.0,-4.5,-3.37,0.31,1
188,MATICUSDT,10000NFTUSDT,0.01,-3.87,-3.37,141.96,1
189,MATICUSDT,BANDUSDT,0.02,-3.63,-3.37,0.58,1
376,IOTXUSDT,TRXUSDT,0.02,-3.71,-3.37,0.51,1
0,BTCUSDT,ADAUSDT,0.02,-3.64,-3.37,44850.66,1
